PRAGMA foreign_keys=OFF;
BEGIN TRANSACTION;
CREATE TABLE IF NOT EXISTS "django_migrations" ("id" integer NOT NULL PRIMARY KEY AUTOINCREMENT, "app" varchar(255) NOT NULL, "name" varchar(255) NOT NULL, "applied" datetime NOT NULL);
INSERT INTO django_migrations VALUES(1,'contenttypes','0001_initial','2025-02-10 00:57:20.244760');
INSERT INTO django_migrations VALUES(2,'auth','0001_initial','2025-02-10 00:57:20.314101');
INSERT INTO django_migrations VALUES(3,'admin','0001_initial','2025-02-10 00:57:20.380207');
INSERT INTO django_migrations VALUES(4,'admin','0002_logentry_remove_auto_add','2025-02-10 00:57:20.430728');
INSERT INTO django_migrations VALUES(5,'admin','0003_logentry_add_action_flag_choices','2025-02-10 00:57:20.467534');
INSERT INTO django_migrations VALUES(6,'contenttypes','0002_remove_content_type_name','2025-02-10 00:57:20.530947');
INSERT INTO django_migrations VALUES(7,'auth','0002_alter_permission_name_max_length','2025-02-10 00:57:20.572830');
INSERT INTO django_migrations VALUES(8,'auth','0003_alter_user_email_max_length','2025-02-10 00:57:20.614932');
INSERT INTO django_migrations VALUES(9,'auth','0004_alter_user_username_opts','2025-02-10 00:57:20.652002');
INSERT INTO django_migrations VALUES(10,'auth','0005_alter_user_last_login_null','2025-02-10 00:57:20.696147');
INSERT INTO django_migrations VALUES(11,'auth','0006_require_contenttypes_0002','2025-02-10 00:57:20.717081');
INSERT INTO django_migrations VALUES(12,'auth','0007_alter_validators_add_error_messages','2025-02-10 00:57:20.750511');
INSERT INTO django_migrations VALUES(13,'auth','0008_alter_user_username_max_length','2025-02-10 00:57:20.793317');
INSERT INTO django_migrations VALUES(14,'auth','0009_alter_user_last_name_max_length','2025-02-10 00:57:20.836393');
INSERT INTO django_migrations VALUES(15,'auth','0010_alter_group_name_max_length','2025-02-10 00:57:20.874027');
INSERT INTO django_migrations VALUES(16,'auth','0011_update_proxy_permissions','2025-02-10 00:57:20.908330');
INSERT INTO django_migrations VALUES(17,'auth','0012_alter_user_first_name_max_length','2025-02-10 00:57:20.950829');
INSERT INTO django_migrations VALUES(18,'sessions','0001_initial','2025-02-10 00:57:20.994401');
INSERT INTO django_migrations VALUES(19,'online','0001_initial','2025-02-13 03:52:31.088107');
INSERT INTO django_migrations VALUES(20,'online','0002_tbl_product_tbl_productvariant','2025-02-17 05:06:54.336461');
INSERT INTO django_migrations VALUES(21,'online','0003_remove_tbl_product_vendor_and_more','2025-02-20 05:28:35.945145');
INSERT INTO django_migrations VALUES(22,'online','0004_tbl_register_tbl_cart','2025-02-21 06:07:49.446633');
INSERT INTO django_migrations VALUES(23,'online','0005_tbl_contact_remove_tbl_register_username_order_and_more','2025-03-03 04:26:08.657745');
INSERT INTO django_migrations VALUES(24,'online','0006_tbl_cart_size','2025-03-03 11:42:32.143538');
INSERT INTO django_migrations VALUES(25,'online','0007_tbl_cart_color_alter_tbl_cart_quantity_and_more','2025-03-03 13:09:16.835629');
INSERT INTO django_migrations VALUES(26,'online','0008_remove_order_user_remove_orderitem_order_and_more','2025-03-03 13:22:25.962687');
INSERT INTO django_migrations VALUES(27,'online','0009_initial','2025-03-03 13:24:23.677990');
INSERT INTO django_migrations VALUES(28,'online','0010_remove_order_user_remove_orderitem_order_and_more','2025-03-03 13:34:45.445446');
INSERT INTO django_migrations VALUES(29,'online','0011_initial','2025-03-03 14:09:38.634724');
INSERT INTO django_migrations VALUES(30,'online','0012_tbl_cart_color_tbl_cart_size','2025-03-03 14:24:22.427617');
INSERT INTO django_migrations VALUES(31,'online','0013_tbl_cart_image','2025-03-11 04:34:15.998788');
INSERT INTO django_migrations VALUES(32,'online','0014_orderitem_color_orderitem_image_orderitem_size','2025-03-11 05:27:39.295765');
INSERT INTO django_migrations VALUES(33,'online','0015_order_satus','2025-03-11 06:42:24.180888');
INSERT INTO django_migrations VALUES(34,'online','0016_rename_satus_order_status','2025-03-11 07:04:16.698819');
INSERT INTO django_migrations VALUES(35,'online','0017_tbl_custom','2025-03-11 09:49:38.190651');
INSERT INTO django_migrations VALUES(36,'online','0018_customdressorder_delete_tbl_custom','2025-03-11 18:28:05.672824');
INSERT INTO django_migrations VALUES(37,'online','0019_customdressorder_user','2025-03-11 18:49:17.797995');
INSERT INTO django_migrations VALUES(38,'online','0020_customdressorder_status','2025-03-11 18:52:39.317132');
INSERT INTO django_migrations VALUES(39,'online','0021_order_d_date_order_p_date','2025-03-12 09:07:15.678917');
INSERT INTO django_migrations VALUES(40,'online','0022_customdressorder_advance_and_more','2025-03-17 09:46:36.740267');
INSERT INTO django_migrations VALUES(41,'online','0023_customdressorder_work_status','2025-03-17 10:38:29.475878');
INSERT INTO django_migrations VALUES(42,'online','0024_tbl_product_color','2025-03-25 05:06:14.875134');
CREATE TABLE IF NOT EXISTS "auth_group_permissions" ("id" integer NOT NULL PRIMARY KEY AUTOINCREMENT, "group_id" integer NOT NULL REFERENCES "auth_group" ("id") DEFERRABLE INITIALLY DEFERRED, "permission_id" integer NOT NULL REFERENCES "auth_permission" ("id") DEFERRABLE INITIALLY DEFERRED);
CREATE TABLE IF NOT EXISTS "auth_user_groups" ("id" integer NOT NULL PRIMARY KEY AUTOINCREMENT, "user_id" integer NOT NULL REFERENCES "auth_user" ("id") DEFERRABLE INITIALLY DEFERRED, "group_id" integer NOT NULL REFERENCES "auth_group" ("id") DEFERRABLE INITIALLY DEFERRED);
CREATE TABLE IF NOT EXISTS "auth_user_user_permissions" ("id" integer NOT NULL PRIMARY KEY AUTOINCREMENT, "user_id" integer NOT NULL REFERENCES "auth_user" ("id") DEFERRABLE INITIALLY DEFERRED, "permission_id" integer NOT NULL REFERENCES "auth_permission" ("id") DEFERRABLE INITIALLY DEFERRED);
CREATE TABLE IF NOT EXISTS "django_admin_log" ("id" integer NOT NULL PRIMARY KEY AUTOINCREMENT, "object_id" text NULL, "object_repr" varchar(200) NOT NULL, "action_flag" smallint unsigned NOT NULL CHECK ("action_flag" >= 0), "change_message" text NOT NULL, "content_type_id" integer NULL REFERENCES "django_content_type" ("id") DEFERRABLE INITIALLY DEFERRED, "user_id" integer NOT NULL REFERENCES "auth_user" ("id") DEFERRABLE INITIALLY DEFERRED, "action_time" datetime NOT NULL);
CREATE TABLE IF NOT EXISTS "django_content_type" ("id" integer NOT NULL PRIMARY KEY AUTOINCREMENT, "app_label" varchar(100) NOT NULL, "model" varchar(100) NOT NULL);
INSERT INTO django_content_type VALUES(1,'admin','logentry');
INSERT INTO django_content_type VALUES(2,'auth','permission');
INSERT INTO django_content_type VALUES(3,'auth','group');
INSERT INTO django_content_type VALUES(4,'auth','user');
INSERT INTO django_content_type VALUES(5,'contenttypes','contenttype');
INSERT INTO django_content_type VALUES(6,'sessions','session');
INSERT INTO django_content_type VALUES(7,'online','tbl_category_add');
INSERT INTO django_content_type VALUES(8,'online','tbl_product');
INSERT INTO django_content_type VALUES(9,'online','tbl_productvariant');
INSERT INTO django_content_type VALUES(10,'online','tbl_register');
INSERT INTO django_content_type VALUES(11,'online','tbl_cart');
INSERT INTO django_content_type VALUES(12,'online','tbl_contact');
INSERT INTO django_content_type VALUES(13,'online','order');
INSERT INTO django_content_type VALUES(14,'online','orderitem');
INSERT INTO django_content_type VALUES(15,'online','tbl_custom');
INSERT INTO django_content_type VALUES(16,'online','customdressorder');
CREATE TABLE IF NOT EXISTS "auth_permission" ("id" integer NOT NULL PRIMARY KEY AUTOINCREMENT, "content_type_id" integer NOT NULL REFERENCES "django_content_type" ("id") DEFERRABLE INITIALLY DEFERRED, "codename" varchar(100) NOT NULL, "name" varchar(255) NOT NULL);
INSERT INTO auth_permission VALUES(1,1,'add_logentry','Can add log entry');
INSERT INTO auth_permission VALUES(2,1,'change_logentry','Can change log entry');
INSERT INTO auth_permission VALUES(3,1,'delete_logentry','Can delete log entry');
INSERT INTO auth_permission VALUES(4,1,'view_logentry','Can view log entry');
INSERT INTO auth_permission VALUES(5,2,'add_permission','Can add permission');
INSERT INTO auth_permission VALUES(6,2,'change_permission','Can change permission');
INSERT INTO auth_permission VALUES(7,2,'delete_permission','Can delete permission');
INSERT INTO auth_permission VALUES(8,2,'view_permission','Can view permission');
INSERT INTO auth_permission VALUES(9,3,'add_group','Can add group');
INSERT INTO auth_permission VALUES(10,3,'change_group','Can change group');
INSERT INTO auth_permission VALUES(11,3,'delete_group','Can delete group');
INSERT INTO auth_permission VALUES(12,3,'view_group','Can view group');
INSERT INTO auth_permission VALUES(13,4,'add_user','Can add user');
INSERT INTO auth_permission VALUES(14,4,'change_user','Can change user');
INSERT INTO auth_permission VALUES(15,4,'delete_user','Can delete user');
INSERT INTO auth_permission VALUES(16,4,'view_user','Can view user');
INSERT INTO auth_permission VALUES(17,5,'add_contenttype','Can add content type');
INSERT INTO auth_permission VALUES(18,5,'change_contenttype','Can change content type');
INSERT INTO auth_permission VALUES(19,5,'delete_contenttype','Can delete content type');
INSERT INTO auth_permission VALUES(20,5,'view_contenttype','Can view content type');
INSERT INTO auth_permission VALUES(21,6,'add_session','Can add session');
INSERT INTO auth_permission VALUES(22,6,'change_session','Can change session');
INSERT INTO auth_permission VALUES(23,6,'delete_session','Can delete session');
INSERT INTO auth_permission VALUES(24,6,'view_session','Can view session');
INSERT INTO auth_permission VALUES(25,7,'add_tbl_category_add','Can add tbl_category_add');
INSERT INTO auth_permission VALUES(26,7,'change_tbl_category_add','Can change tbl_category_add');
INSERT INTO auth_permission VALUES(27,7,'delete_tbl_category_add','Can delete tbl_category_add');
INSERT INTO auth_permission VALUES(28,7,'view_tbl_category_add','Can view tbl_category_add');
INSERT INTO auth_permission VALUES(29,8,'add_tbl_product','Can add tbl_ product');
INSERT INTO auth_permission VALUES(30,8,'change_tbl_product','Can change tbl_ product');
INSERT INTO auth_permission VALUES(31,8,'delete_tbl_product','Can delete tbl_ product');
INSERT INTO auth_permission VALUES(32,8,'view_tbl_product','Can view tbl_ product');
INSERT INTO auth_permission VALUES(33,9,'add_tbl_productvariant','Can add tbl_ product variant');
INSERT INTO auth_permission VALUES(34,9,'change_tbl_productvariant','Can change tbl_ product variant');
INSERT INTO auth_permission VALUES(35,9,'delete_tbl_productvariant','Can delete tbl_ product variant');
INSERT INTO auth_permission VALUES(36,9,'view_tbl_productvariant','Can view tbl_ product variant');
INSERT INTO auth_permission VALUES(37,10,'add_tbl_register','Can add tbl_ register');
INSERT INTO auth_permission VALUES(38,10,'change_tbl_register','Can change tbl_ register');
INSERT INTO auth_permission VALUES(39,10,'delete_tbl_register','Can delete tbl_ register');
INSERT INTO auth_permission VALUES(40,10,'view_tbl_register','Can view tbl_ register');
INSERT INTO auth_permission VALUES(41,11,'add_tbl_cart','Can add tbl_ cart');
INSERT INTO auth_permission VALUES(42,11,'change_tbl_cart','Can change tbl_ cart');
INSERT INTO auth_permission VALUES(43,11,'delete_tbl_cart','Can delete tbl_ cart');
INSERT INTO auth_permission VALUES(44,11,'view_tbl_cart','Can view tbl_ cart');
INSERT INTO auth_permission VALUES(45,12,'add_tbl_contact','Can add tbl_contact');
INSERT INTO auth_permission VALUES(46,12,'change_tbl_contact','Can change tbl_contact');
INSERT INTO auth_permission VALUES(47,12,'delete_tbl_contact','Can delete tbl_contact');
INSERT INTO auth_permission VALUES(48,12,'view_tbl_contact','Can view tbl_contact');
INSERT INTO auth_permission VALUES(49,13,'add_order','Can add order');
INSERT INTO auth_permission VALUES(50,13,'change_order','Can change order');
INSERT INTO auth_permission VALUES(51,13,'delete_order','Can delete order');
INSERT INTO auth_permission VALUES(52,13,'view_order','Can view order');
INSERT INTO auth_permission VALUES(53,14,'add_orderitem','Can add order item');
INSERT INTO auth_permission VALUES(54,14,'change_orderitem','Can change order item');
INSERT INTO auth_permission VALUES(55,14,'delete_orderitem','Can delete order item');
INSERT INTO auth_permission VALUES(56,14,'view_orderitem','Can view order item');
INSERT INTO auth_permission VALUES(57,15,'add_tbl_custom','Can add tbl_custom');
INSERT INTO auth_permission VALUES(58,15,'change_tbl_custom','Can change tbl_custom');
INSERT INTO auth_permission VALUES(59,15,'delete_tbl_custom','Can delete tbl_custom');
INSERT INTO auth_permission VALUES(60,15,'view_tbl_custom','Can view tbl_custom');
INSERT INTO auth_permission VALUES(61,16,'add_customdressorder','Can add custom dress order');
INSERT INTO auth_permission VALUES(62,16,'change_customdressorder','Can change custom dress order');
INSERT INTO auth_permission VALUES(63,16,'delete_customdressorder','Can delete custom dress order');
INSERT INTO auth_permission VALUES(64,16,'view_customdressorder','Can view custom dress order');
CREATE TABLE IF NOT EXISTS "auth_group" ("id" integer NOT NULL PRIMARY KEY AUTOINCREMENT, "name" varchar(150) NOT NULL UNIQUE);
CREATE TABLE IF NOT EXISTS "auth_user" ("id" integer NOT NULL PRIMARY KEY AUTOINCREMENT, "password" varchar(128) NOT NULL, "last_login" datetime NULL, "is_superuser" bool NOT NULL, "username" varchar(150) NOT NULL UNIQUE, "last_name" varchar(150) NOT NULL, "email" varchar(254) NOT NULL, "is_staff" bool NOT NULL, "is_active" bool NOT NULL, "date_joined" datetime NOT NULL, "first_name" varchar(150) NOT NULL);
INSERT INTO auth_user VALUES(1,'pbkdf2_sha256$260000$9PFPD1tN317zBq9bKP8BAj$iybXLsjVoVqsjIA3tblavzxVVV+oeMNOy9GxPY9LAtw=','2025-04-17 22:43:20.004790',1,'Admin','','',1,1,'2025-02-10 00:58:08.587244','');
INSERT INTO auth_user VALUES(2,'pbkdf2_sha256$870000$LJtZONgRSgy9FLD8vIkDm9$6SY+p4M+m8PVn4U6s/m0F2vHKQ69T6XM1uDrCEN6+E0=','2025-03-25 06:56:42.178334',1,'admin','','',1,1,'2025-02-14 10:39:05.763698','');
CREATE TABLE IF NOT EXISTS "django_session" ("session_key" varchar(40) NOT NULL PRIMARY KEY, "session_data" text NOT NULL, "expire_date" datetime NOT NULL);
INSERT INTO django_session VALUES('6lps45kany5pss4t0co60x9ieuk2p6h0','.eJxVjMsOwiAQRf-FtSE8CkNduu83kGEGpWogKe3K-O_apAvd3nPOfYmI21ri1vMSZxZnocXpd0tIj1x3wHestyap1XWZk9wVedAup8b5eTncv4OCvXxrdw1AYbQJhoFzQNJeMYAxKhEndjoTg4NsyHqFg9PAxlubFGlUDkfx_gDl0zfC:1tiKr8:QbKS7cDSmq0U3axVAxXc6hWtzDznyLlG543m3TMiZ0s','2025-02-26 22:05:18.377988');
INSERT INTO django_session VALUES('bpyb4mxcatim6edd40bcgjbcnfl7113x','.eJxVjMsOwiAQRf-FtSE8CkNduu83kGEGpWogKe3K-O_apAvd3nPOfYmI21ri1vMSZxZnocXpd0tIj1x3wHestyap1XWZk9wVedAup8b5eTncv4OCvXxrdw1AYbQJhoFzQNJeMYAxKhEndjoTg4NsyHqFg9PAxlubFGlUDkfx_gDl0zfC:1tijOP:6YWQnEweS3SvAjkLf6Bs7mqSO5-almjvexXzxWXwc6k','2025-02-28 00:17:17.683188');
INSERT INTO django_session VALUES('dezeomcips5xywsegwypo2rkovasignf','.eJxVjEEOwiAQRe_C2hCgA1SX7nsGMsyAVA0kpV0Z765NutDtf-_9lwi4rSVsPS1hZnERRpx-t4j0SHUHfMd6a5JaXZc5yl2RB-1yapye18P9OyjYy7ceMuWBCAEzjCabNGgfsx2TxmidB8NoOSEojIQWMrizIgDnmZX1Xov3BxHtOIY:1tit6s:oXFQ8ThClmDJ8QWURHHM6lJyzD2B9bYZERHF7bI4yi0','2025-02-28 10:39:50.991909');
INSERT INTO django_session VALUES('2ahmt7h5z0lw2znzfqj55jh5j9x2qi3o','.eJxVjEEOwiAQRe_C2hCgA1SX7nsGMsyAVA0kpV0Z765NutDtf-_9lwi4rSVsPS1hZnERRpx-t4j0SHUHfMd6a5JaXZc5yl2RB-1yapye18P9OyjYy7ceMuWBCAEzjCabNGgfsx2TxmidB8NoOSEojIQWMrizIgDnmZX1Xov3BxHtOIY:1titsy:8d5JwEdRaN_WJFniwgtlmT5cYHv9GWFTK-Rbzu1nk3o','2025-02-28 11:29:32.709169');
INSERT INTO django_session VALUES('djc69xc6fb16jt603033op0v2nujbxlr','.eJxVjEEOwiAQRe_C2hCgA1SX7nsGMsyAVA0kpV0Z765NutDtf-_9lwi4rSVsPS1hZnERRpx-t4j0SHUHfMd6a5JaXZc5yl2RB-1yapye18P9OyjYy7ceMuWBCAEzjCabNGgfsx2TxmidB8NoOSEojIQWMrizIgDnmZX1Xov3BxHtOIY:1tjwxQ:dsEITqijvsJA72_qESPdif--_TEfjynjRzsrRUot5fE','2025-03-03 08:58:28.664285');
INSERT INTO django_session VALUES('6uc4ftmvb97oslxpfybhxgweg9mpsbhj','.eJxVjEEOwiAQRe_C2hCgA1SX7nsGMsyAVA0kpV0Z765NutDtf-_9lwi4rSVsPS1hZnERRpx-t4j0SHUHfMd6a5JaXZc5yl2RB-1yapye18P9OyjYy7ceMuWBCAEzjCabNGgfsx2TxmidB8NoOSEojIQWMrizIgDnmZX1Xov3BxHtOIY:1tjx2t:9PUqukVM9-sDS6dhfcIEtQeUslC5Ghiy7-CcY1iIZk0','2025-03-03 09:04:07.146854');
INSERT INTO django_session VALUES('9ljss0wnvuppafdgubdwznlw7ndp5y5r','.eJxVjEEOwiAQRe_C2hCgA1SX7nsGMsyAVA0kpV0Z765NutDtf-_9lwi4rSVsPS1hZnERRpx-t4j0SHUHfMd6a5JaXZc5yl2RB-1yapye18P9OyjYy7ceMuWBCAEzjCabNGgfsx2TxmidB8NoOSEojIQWMrizIgDnmZX1Xov3BxHtOIY:1tkM7E:wnvnT8AY5ZR1Vra9OS_ZJJQEh8k-rC1wqYusb-CqUKo','2025-03-04 11:50:16.566085');
INSERT INTO django_session VALUES('y8k3aurkzpxfzkwuenx6vytp34ip2i57','.eJxVjEEOwiAQRe_C2hCgA1SX7nsGMsyAVA0kpV0Z765NutDtf-_9lwi4rSVsPS1hZnERRpx-t4j0SHUHfMd6a5JaXZc5yl2RB-1yapye18P9OyjYy7ceMuWBCAEzjCabNGgfsx2TxmidB8NoOSEojIQWMrizIgDnmZX1Xov3BxHtOIY:1tmmFf:ikJhQpCnIN2St7opI6QXJhPOaruBKbybxaZPXM2U3IM','2025-03-11 04:08:59.432466');
INSERT INTO django_session VALUES('ifs02k34nkhz8fqpb8w4t7lir7gu5uxp','e30:1tp1Jv:lkeePto0tST3n5eCjmJx0dgLcnJiYX1XfCX3KVtoXQ4','2025-03-17 08:38:39.782948');
INSERT INTO django_session VALUES('7itir4rergh80pseqvxkjvdktbfckrfn','.eJxVjMsOwiAQRf-FtSE8CkNduu83kGEGpWogKe3K-O_apAvd3nPOfYmI21ri1vMSZxZnocXpd0tIj1x3wHestyap1XWZk9wVedAup8b5eTncv4OCvXxrdw1AYbQJhoFzQNJeMYAxKhEndjoTg4NsyHqFg9PAxlubFGlUDkfx_gDl0zfC:1trwJq:4utLpTTzfSv0HKgvHGZZdWtCjHCraXbSuZ7VQ5O-lto','2025-03-25 09:54:38.030150');
INSERT INTO django_session VALUES('hks8f9gaobq8l5npmoalo55cnimabf5k','e30:1tradO:o5Sst03HHN8lCL6aNzfNkhyy-8ZhvNcvhAjIcR_rBNo','2025-03-24 10:45:22.911173');
INSERT INTO django_session VALUES('qkgy0izoikqyk355u4oa4ujq5kp17xu7','e30:1trgn5:3cGQzplVexGZW7k50HaE6w5YaBinnGOQP2Rls-mqL2w','2025-03-24 17:19:47.451739');
INSERT INTO django_session VALUES('xefml2d9rta8znnbnouehimkqfijhgf8','eyJ1c2VyaWQiOjF9:1trrf3:N-DHPXscV4JG1foPGtouAvigp_72tt2e87LQFBA4Vb8','2025-03-25 04:56:13.113639');
INSERT INTO django_session VALUES('p5ey3jfnzsxq1f5ql6e4yhc1s7s6jdkm','eyJ1c2VyaWQiOjF9:1trsQS:_jqNX0SlBFvj0rLafy_QLReAsV4cqVJvsJ9yP2E1jSY','2025-03-25 05:45:12.936967');
INSERT INTO django_session VALUES('tcsu7r0vvp6vec8zxkl22ovehqn7dsgs','.eJxVjjsOwjAQRO_iGln-r0NJzxmi9a7BAWRL-VSIuxNLKaCdN_M0bzHitpZxW_I8TizOQovTb5aQnrl2wA-s9yap1XWekuwVedBFXhvn1-Xo_gkKLmVf-1sEioNN4BzniKSDYgBjVCJO7HUmBg_ZkA0KndfAJlibFGlUHodd2nX9ov58AV5iOyk:1ts3x5:kxMGTOyUD3PONSISS39V2ap7_f1_07_YYjKfVni9tmU','2025-03-25 18:03:39.869766');
INSERT INTO django_session VALUES('py9033daf0z8ql3ph3ray86ea0erqb2d','eyJ1c2VyaWQiOjF9:1tsDX7:xoMu_FbALoJgUwuNoVsCv1jdX56e7_4XxhNe0tlhf1I','2025-03-26 04:17:29.481118');
INSERT INTO django_session VALUES('qe10xlqc3kynh76k8wr00isdoieb1tc0','.eJxVjjsOwjAQRO_iGln-r0NJzxmi9a7BAWRL-VSIuxNLKaCdN_M0bzHitpZxW_I8TizOQovTb5aQnrl2wA-s9yap1XWekuwVedBFXhvn1-Xo_gkKLmVf-1sEioNN4BzniKSDYgBjVCJO7HUmBg_ZkA0KndfAJlibFGlUHodd2nX9ov58AV5iOyk:1tsFHr:D5YR3bPOjlXaoWHuJ2KLUIXt_uuuJa4ec6EYI6xRu2I','2025-03-26 06:09:51.338350');
INSERT INTO django_session VALUES('yhjd2jx82qw9xk0s1c2kmnxwq1eacna7','eyJ1c2VyaWQiOjF9:1ts6Ai:UkY3rmmz7HCPGdz_ULtRfLC0LM_1TBljUyaY67F6PoE','2025-03-25 20:25:52.654200');
INSERT INTO django_session VALUES('c8ue92x1m6jo0jing1hx7qxosog9wirb','eyJ1c2VyaWQiOjF9:1tsIAl:u0AgakLMNU4n0zI__SCHXbRar4nsjSY03vOn5K6CpbI','2025-03-26 09:14:43.139478');
INSERT INTO django_session VALUES('viyxiedofutc7yjnu3fqm6p2te9kaze3','.eJxVjEEOwiAQRe_C2hCgA1SX7nsGMsyAVA0kpV0Z765NutDtf-_9lwi4rSVsPS1hZnERRpx-t4j0SHUHfMd6a5JaXZc5yl2RB-1yapye18P9OyjYy7ceMuWBCAEzjCabNGgfsx2TxmidB8NoOSEojIQWMrizIgDnmZX1Xov3BxHtOIY:1tsgXQ:5x8EQJ7RW_IBchOewUgILcNpeKcF3sNxx0iqwRYFTYM','2025-03-27 11:15:44.869786');
INSERT INTO django_session VALUES('ok0pz5wghpz71nro9r0eakfecp35nv6j','eyJ1c2VyaWQiOjJ9:1tu7Ge:bLqLBpKI6Ubw3MKdwHoba6GGhobuBenRbx-mKeyMztM','2025-03-31 10:00:20.718500');
INSERT INTO django_session VALUES('hwirjcabsy6uke7ibut783348su3dce5','.eJxVjksOAiEQRO_C2hA-DYwu3XuGSdMNMmogmc_KeHeHZBa6rVf1Um8x4raWcVvSPE4sLsKI028WkZ6pdsAPrPcmqdV1nqLsFXnQRd4ap9f16P4JCi5lX9tM2RIhYIbBZJOsDjG7IWmMzgcwjI4TgsJI6CCDPysC8IFZuRD0Lu26ftF-vpLdO-8:1txSqL:SCuE60zsvh3ELmBmcRPvN575hlR3NujWwAiDkjm_oak','2025-04-09 15:39:01.819797');
INSERT INTO django_session VALUES('v9gfcpq9yfs4pvjlwoemoxw8b4k0qryo','.eJxVjjsOwjAQRO_iGln-r0NJzxmi9a7BAWRL-VSIuxNLKaCdN_M0bzHitpZxW_I8TizOQovTb5aQnrl2wA-s9yap1XWekuwVedBFXhvn1-Xo_gkKLmVf-1sEioNN4BzniKSDYgBjVCJO7HUmBg_ZkA0KndfAJlibFGlUHodd2nX9ov18AV5mOys:1tyjS0:0GgBuBZvFPiICh1KAzFHx5YgFE8wAup2tAscWY_6lps','2025-04-13 03:35:08.990375');
INSERT INTO django_session VALUES('r0mny17e7ll4mawyhtmshs63h1xek04d','.eJxVjsEOgjAQRP-lZ9Owpbhdj979hmbbXQQ1kFA4Gf9dmnDQ67yZl3mbyNs6xK3oEkcxFwPm9Jslzk-dKpAHT_fZ5nlalzHZWrEHLfY2i76uR_dPMHAZ9nVDhD51IUMGIe8UW-iQE4hKaDILc98R9krqzwEDE2d0Sg4YsAm6S6uuXmw_X2GFO38:1u5Y35:euWm4VzYK7vYTeOXq1W7x_gm9KAmN5_xtnKT_tYTT2w','2025-05-01 22:49:35.400812');
CREATE TABLE IF NOT EXISTS "online_tbl_category_add" ("id" integer NOT NULL PRIMARY KEY AUTOINCREMENT, "name" varchar(100) NULL, "status" varchar(100) NULL, "image" varchar(100) NULL);
INSERT INTO online_tbl_category_add VALUES(1,'lehanga','Active','media/a-1.webp');
INSERT INTO online_tbl_category_add VALUES(2,'Gown','Active','media/a-2.webp');
CREATE TABLE IF NOT EXISTS "online_tbl_contact" ("id" integer NOT NULL PRIMARY KEY AUTOINCREMENT, "Name" varchar(50) NULL, "phone_no" integer NULL, "email" varchar(100) NULL, "message" varchar(300) NULL);
INSERT INTO online_tbl_contact VALUES(1,'Arunima',7559905999,'arunimaajithvp14@gmail.com','for an appointment');
CREATE TABLE IF NOT EXISTS "online_tbl_register" ("id" integer NOT NULL PRIMARY KEY AUTOINCREMENT, "name" varchar(100) NULL, "email" varchar(254) NULL, "mobile" integer NULL, "password" varchar(100) NULL, "created_at" datetime NOT NULL, "updated_at" datetime NOT NULL);
INSERT INTO online_tbl_register VALUES(1,'arunima','vineethamonichen44@gmail.com',9496170099,'arunima123','2025-03-04 00:38:34.888930','2025-03-12 04:17:11.223531');
INSERT INTO online_tbl_register VALUES(2,'sarala uk','saralaajith@gmail.com',9496170099,'saralaajith','2025-03-12 10:30:01.417619','2025-03-12 10:30:01.417671');
INSERT INTO online_tbl_register VALUES(3,'maya','maya2002@gmail.com',7669904999,'maya123','2025-03-12 16:48:31.701584','2025-03-12 16:48:31.701662');
INSERT INTO online_tbl_register VALUES(4,'Aparna','aparna@gmail.com',9099898768,'aparna@123','2025-03-17 05:13:45.293648','2025-03-17 05:13:45.293648');
INSERT INTO online_tbl_register VALUES(5,'blessy','blessyvt23@gmail.com',7025790931,'blessyvt','2025-03-18 15:48:07.131490','2025-03-18 15:48:07.131561');
INSERT INTO online_tbl_register VALUES(6,'Ahna','ahnaajan2001@gmail.com',8281772820,'ahna123','2025-03-25 06:00:20.358635','2025-03-25 06:00:20.358770');
CREATE TABLE IF NOT EXISTS "online_tbl_product" ("id" integer NOT NULL PRIMARY KEY AUTOINCREMENT, "name" varchar(255) NOT NULL, "product_id" varchar(100) NOT NULL, "image" varchar(100) NULL, "description" text NULL, "stock" integer NULL, "original_price" real NULL, "offer_price" real NULL, "fabric" varchar(100) NULL, "Pattern" varchar(100) NULL, "WashCare" varchar(100) NULL, "size" varchar(50) NULL, "created_at" datetime NOT NULL, "updated_at" datetime NOT NULL, "category_id" bigint NULL REFERENCES "online_tbl_category_add" ("id") DEFERRABLE INITIALLY DEFERRED, "color" varchar(100) NULL);
INSERT INTO online_tbl_product VALUES(1,'ODETTE','LG001','media/odette_JZkxbem.webp','Embroidered Ready to Wear Lehenga & Blouse With Dupatta',10,6999.0,2800.0,'Organza','Embroidered and printed','Hand Wash Or Dry Clean','xxl, xl, l, m, s, xs','2025-03-03 14:15:59.133518','2025-03-18 14:57:28.904336',1,NULL);
INSERT INTO online_tbl_product VALUES(2,'GOWN',' GN001','media/maroon_gown.webp','Burgundy solid knitted maxi dress, has a V-neck, long sleeves, and straight hem',13,1699.0,1000.0,'Velvet','Solid','Hand Wash Or Dry Clean','xxl, xl, l, m, s, xs','2025-03-03 14:38:56.051502','2025-03-26 15:40:47.411145',2,'maroon');
INSERT INTO online_tbl_product VALUES(3,'gown','GN002','media/ethnic_ADnkof3.jpg','Sequinned Embellished Gown',0,5000.0,3500.0,'Georgette','','Dry clean','l, m, s, xs','2025-03-03 23:42:19.709267','2025-03-04 23:18:04.718082',2,NULL);
INSERT INTO online_tbl_product VALUES(4,'Fabcartz ','LG003','media/green.webp','Embroidered Zari Work Semi-Stitched Lehenga With Unstitched Blouse & Dupatta',8,3500.0,2901.0,'Art silk','','Dry clean','Free Size','2025-03-13 03:57:11.667817','2025-03-25 06:14:09.514929',1,'Green');
CREATE TABLE IF NOT EXISTS "online_orderitem" ("id" integer NOT NULL PRIMARY KEY AUTOINCREMENT, "quantity" integer unsigned NOT NULL CHECK ("quantity" >= 0), "price" decimal NOT NULL, "order_id" bigint NOT NULL REFERENCES "online_order" ("id") DEFERRABLE INITIALLY DEFERRED, "product_id" bigint NOT NULL REFERENCES "online_tbl_product" ("id") DEFERRABLE INITIALLY DEFERRED, "color" varchar(20) NULL, "image" varchar(100) NULL, "size" varchar(20) NULL);
INSERT INTO online_orderitem VALUES(7,1,2800,8,1,NULL,'','m');
INSERT INTO online_orderitem VALUES(8,1,2901,9,4,'maroon','/media/media/meroon.webp','Free Size');
INSERT INTO online_orderitem VALUES(9,1,1000,10,2,'green','/media/media/green_gown.webp','xxl');
INSERT INTO online_orderitem VALUES(10,1,2901,11,4,'Green','/media/media/green.webp','Free Size');
INSERT INTO online_orderitem VALUES(11,1,1000,12,2,'green','/media/media/green_gown.webp','xl');
CREATE TABLE IF NOT EXISTS "online_tbl_productvariant" ("id" integer NOT NULL PRIMARY KEY AUTOINCREMENT, "color" varchar(50) NULL, "image" varchar(100) NULL, "created_at" datetime NOT NULL, "updated_at" datetime NOT NULL, "product_id" bigint NOT NULL REFERENCES "online_tbl_product" ("id") DEFERRABLE INITIALLY DEFERRED);
INSERT INTO online_tbl_productvariant VALUES(1,'green','media/green_gown.webp','2025-03-03 14:39:19.946657','2025-03-03 14:39:19.946864',2);
INSERT INTO online_tbl_productvariant VALUES(2,'green','media/green_gown_d7clh8M.webp','2025-03-03 23:43:00.334525','2025-03-03 23:43:00.334874',3);
INSERT INTO online_tbl_productvariant VALUES(3,'maroon','media/meroon.webp','2025-03-13 03:57:41.210746','2025-03-13 03:57:41.210813',4);
CREATE TABLE IF NOT EXISTS "online_tbl_cart" ("id" integer NOT NULL PRIMARY KEY AUTOINCREMENT, "session_key" varchar(50) NULL, "quantity" integer NULL, "created_at" datetime NOT NULL, "updated_at" datetime NOT NULL, "product_id" bigint NOT NULL REFERENCES "online_tbl_product" ("id") DEFERRABLE INITIALLY DEFERRED, "user_id" bigint NULL REFERENCES "online_tbl_register" ("id") DEFERRABLE INITIALLY DEFERRED, "color" varchar(20) NULL, "size" varchar(20) NULL, "image" varchar(100) NULL);
INSERT INTO online_tbl_cart VALUES(52,NULL,1,'2025-03-17 05:35:45.390284','2025-03-17 05:35:45.438958',4,4,'maroon','Free Size','/media/media/meroon.webp');
INSERT INTO online_tbl_cart VALUES(53,'',1,'2025-03-17 05:37:04.248978','2025-03-17 05:37:21.101504',2,1,'green','xxl','/media/media/green_gown.webp');
INSERT INTO online_tbl_cart VALUES(54,'',1,'2025-03-17 05:38:53.796093','2025-03-17 05:39:26.475364',1,1,NULL,'xxl','');
INSERT INTO online_tbl_cart VALUES(76,NULL,1,'2025-03-30 03:36:18.010206','2025-03-30 03:36:18.176765',2,3,'green','xxl','/media/media/green_gown.webp');
INSERT INTO online_tbl_cart VALUES(77,'',1,'2025-04-17 22:47:10.236522','2025-04-17 22:49:35.369536',2,3,'green','m','/media/media/green_gown.webp');
CREATE TABLE IF NOT EXISTS "online_order" ("id" integer NOT NULL PRIMARY KEY AUTOINCREMENT, "full_name" varchar(255) NOT NULL, "address" text NOT NULL, "city" varchar(100) NOT NULL, "postal_code" varchar(20) NOT NULL, "phone" varchar(15) NOT NULL, "total_price" decimal NOT NULL, "created_at" datetime NOT NULL, "user_id" bigint NOT NULL REFERENCES "online_tbl_register" ("id") DEFERRABLE INITIALLY DEFERRED, "status" varchar(100) NULL, "d_date" datetime NULL, "p_date" datetime NULL);
INSERT INTO online_order VALUES(8,'sarala uk','vallomparabath panikkaseril house lokamaleswaram kdlr','kodungallur','680664','9496170099',2800,'2025-03-18 14:57:28.871591',2,'Ordered',NULL,NULL);
INSERT INTO online_order VALUES(9,'maya','manjaly','paravur','680654','9378486899',2901,'2025-03-24 08:41:19.702002',3,'Ordered',NULL,NULL);
INSERT INTO online_order VALUES(10,'blessy vt','cheriya veetil house','north paravur','680654','702579093',1000,'2025-03-25 04:56:54.077154',5,'Processing',NULL,'2025-03-24 18:30:00');
INSERT INTO online_order VALUES(11,'blessy vt','cheriya veetil house','north paravur','680654','7025790931',2901,'2025-03-25 06:14:09.434835',5,'Ordered',NULL,NULL);
INSERT INTO online_order VALUES(12,'maya','vallomparabath (house) p.o manjaly','paravur','680654','9378486899',1000,'2025-03-26 15:40:47.385835',3,'Ordered',NULL,NULL);
CREATE TABLE IF NOT EXISTS "online_customdressorder" ("id" integer NOT NULL PRIMARY KEY AUTOINCREMENT, "dress_name" varchar(255) NOT NULL, "fabric" varchar(100) NOT NULL, "color" varchar(50) NOT NULL, "size" varchar(50) NOT NULL, "neck_design" varchar(100) NOT NULL, "custom_neck_design" varchar(255) NULL, "bust" real NOT NULL, "waist" real NOT NULL, "hips" real NOT NULL, "length" real NOT NULL, "delivery_date" date NOT NULL, "reference_image" varchar(100) NULL, "additional_details" text NULL, "created_at" datetime NOT NULL, "user_id" bigint NULL REFERENCES "online_tbl_register" ("id") DEFERRABLE INITIALLY DEFERRED, "status" varchar(100) NULL, "advance" real NULL, "payment_status" varchar(100) NULL, "total_cost" real NULL, "work_status" varchar(100) NULL);
INSERT INTO online_customdressorder VALUES(1,'summerDress','cotton','Red','L','halter','',32.0,30.0,26.0,44.0,'2025-03-21','dress_references/Screenshot_1_6o2xeEf.png','testing','2025-03-11 18:29:54.127108',1,'Reject',NULL,NULL,NULL,'Pending');
INSERT INTO online_customdressorder VALUES(2,'summerDress','cotton','red','XS','v-neck','',32.0,28.0,33.0,44.0,'2025-03-21','dress_references/red_3WydrSl.jpg','sleeves should be like the image','2025-03-12 17:27:10.025090',3,'Approved',NULL,NULL,NULL,'Processing');
INSERT INTO online_customdressorder VALUES(3,'eveningGown','silk','red','XS','round','',32.0,28.0,33.0,44.0,'2025-03-28','dress_references/red_IFNbREZ.jpg','','2025-03-12 17:29:36.756404',3,'Reject',NULL,NULL,NULL,'Pending');
INSERT INTO online_customdressorder VALUES(4,'summerDress','cotton','blue','XS','square','',32.0,28.0,30.0,45.0,'2025-03-20','dress_references/red_R42gdNx.jpg','','2025-03-13 04:42:21.232284',2,'Approved',10000.0,'Full Payment Completed',30000.0,'Delivered');
INSERT INTO online_customdressorder VALUES(5,'eveningGown','chiffon','blue','XS','v-neck','',32.0,30.0,38.0,47.0,'2025-03-25','dress_references/blue_gownn.jpg','','2025-03-18 15:49:03.516740',5,'Approved',750.0,'Full Payment Completed',2150.0,'Delivered');
INSERT INTO online_customdressorder VALUES(6,'summerDress','cotton','Red','XS','v-neck','',32.0,36.0,38.0,47.0,'2025-04-03','dress_references/red_A1CkjqN.jpg','','2025-03-26 15:47:48.780395',3,'Approved',950.0,'Full Payment Completed',2000.0,'Delivered');
INSERT INTO sqlite_sequence VALUES('django_migrations',42);
INSERT INTO sqlite_sequence VALUES('django_admin_log',0);
INSERT INTO sqlite_sequence VALUES('django_content_type',16);
INSERT INTO sqlite_sequence VALUES('auth_permission',64);
INSERT INTO sqlite_sequence VALUES('auth_group',0);
INSERT INTO sqlite_sequence VALUES('auth_user',2);
INSERT INTO sqlite_sequence VALUES('online_order',12);
INSERT INTO sqlite_sequence VALUES('online_tbl_category_add',3);
INSERT INTO sqlite_sequence VALUES('online_tbl_product',4);
INSERT INTO sqlite_sequence VALUES('online_tbl_cart',77);
INSERT INTO sqlite_sequence VALUES('online_tbl_productvariant',3);
INSERT INTO sqlite_sequence VALUES('online_tbl_register',6);
INSERT INTO sqlite_sequence VALUES('online_orderitem',11);
INSERT INTO sqlite_sequence VALUES('online_customdressorder',6);
INSERT INTO sqlite_sequence VALUES('online_tbl_contact',1);
CREATE UNIQUE INDEX "auth_group_permissions_group_id_permission_id_0cd325b0_uniq" ON "auth_group_permissions" ("group_id", "permission_id");
CREATE INDEX "auth_group_permissions_group_id_b120cbf9" ON "auth_group_permissions" ("group_id");
CREATE INDEX "auth_group_permissions_permission_id_84c5c92e" ON "auth_group_permissions" ("permission_id");
CREATE UNIQUE INDEX "auth_user_groups_user_id_group_id_94350c0c_uniq" ON "auth_user_groups" ("user_id", "group_id");
CREATE INDEX "auth_user_groups_user_id_6a12ed8b" ON "auth_user_groups" ("user_id");
CREATE INDEX "auth_user_groups_group_id_97559544" ON "auth_user_groups" ("group_id");
CREATE UNIQUE INDEX "auth_user_user_permissions_user_id_permission_id_14a6b632_uniq" ON "auth_user_user_permissions" ("user_id", "permission_id");
CREATE INDEX "auth_user_user_permissions_user_id_a95ead1b" ON "auth_user_user_permissions" ("user_id");
CREATE INDEX "auth_user_user_permissions_permission_id_1fbb5f2c" ON "auth_user_user_permissions" ("permission_id");
CREATE INDEX "django_admin_log_content_type_id_c4bce8eb" ON "django_admin_log" ("content_type_id");
CREATE INDEX "django_admin_log_user_id_c564eba6" ON "django_admin_log" ("user_id");
CREATE UNIQUE INDEX "django_content_type_app_label_model_76bd3d3b_uniq" ON "django_content_type" ("app_label", "model");
CREATE UNIQUE INDEX "auth_permission_content_type_id_codename_01ab375a_uniq" ON "auth_permission" ("content_type_id", "codename");
CREATE INDEX "auth_permission_content_type_id_2f476e4b" ON "auth_permission" ("content_type_id");
CREATE INDEX "django_session_expire_date_a5c62663" ON "django_session" ("expire_date");
CREATE INDEX "online_tbl_product_category_id_64a031a5" ON "online_tbl_product" ("category_id");
CREATE INDEX "online_orderitem_order_id_2051cf39" ON "online_orderitem" ("order_id");
CREATE INDEX "online_orderitem_product_id_df0a57f6" ON "online_orderitem" ("product_id");
CREATE INDEX "online_tbl_productvariant_product_id_97ed33c9" ON "online_tbl_productvariant" ("product_id");
CREATE INDEX "online_tbl_cart_product_id_94b022b0" ON "online_tbl_cart" ("product_id");
CREATE INDEX "online_tbl_cart_user_id_07d0746d" ON "online_tbl_cart" ("user_id");
CREATE INDEX "online_order_user_id_60bee668" ON "online_order" ("user_id");
CREATE INDEX "online_customdressorder_user_id_ef20660d" ON "online_customdressorder" ("user_id");
COMMIT;
